{
  "Architectural_Distortion": {
    "auc": 0.6636898102784486,
    "ap": 0.058172013678308224,
    "optimal_threshold": 0.07989501953125,
    "accuracy": 0.9059214167127836,
    "precision": 0.08960573476702509,
    "recall": 0.22522522522522523,
    "sensitivity": 0.22522522522522523,
    "f1": 0.1282051282051282,
    "specificity": 0.9274907222380816,
    "positive_samples": 111,
    "negative_samples": 3503,
    "predicted_positive": 279
  },
  "Asymmetry": {
    "auc": 0.7001436690541083,
    "ap": 0.08593863740386193,
    "optimal_threshold": 0.0413818359375,
    "accuracy": 0.8998339789706696,
    "precision": 0.0981012658227848,
    "recall": 0.28703703703703703,
    "sensitivity": 0.28703703703703703,
    "f1": 0.14622641509433962,
    "specificity": 0.9187107815173987,
    "positive_samples": 108,
    "negative_samples": 3506,
    "predicted_positive": 316
  },
  "Focal_Asymmetry": {
    "auc": 0.6367800481115727,
    "ap": 0.12195038009323433,
    "optimal_threshold": 0.1351318359375,
    "accuracy": 0.6870503597122302,
    "precision": 0.12255772646536411,
    "recall": 0.49110320284697506,
    "sensitivity": 0.49110320284697506,
    "f1": 0.19616204690831557,
    "specificity": 0.7035703570357036,
    "positive_samples": 281,
    "negative_samples": 3333,
    "predicted_positive": 1126
  },
  "Global_Asymmetry": {
    "auc": 0.8539903036323586,
    "ap": 0.08086774881607722,
    "optimal_threshold": 0.03948974609375,
    "accuracy": 0.9620918649695628,
    "precision": 0.13675213675213677,
    "recall": 0.3076923076923077,
    "sensitivity": 0.3076923076923077,
    "f1": 0.1893491124260355,
    "specificity": 0.9716451431779899,
    "positive_samples": 52,
    "negative_samples": 3562,
    "predicted_positive": 117
  },
  "Mass": {
    "auc": 0.6660787891466382,
    "ap": 0.3832123712984254,
    "optimal_threshold": 0.2122802734375,
    "accuracy": 0.4916989485334809,
    "precision": 0.3370102700646634,
    "recall": 0.9040816326530612,
    "sensitivity": 0.9040816326530612,
    "f1": 0.4909947353837628,
    "specificity": 0.33826879271070615,
    "positive_samples": 980,
    "negative_samples": 2634,
    "predicted_positive": 2629
  },
  "Nipple_Retraction": {
    "auc": 0.7896403950065213,
    "ap": 0.10769651048283768,
    "optimal_threshold": 0.080078125,
    "accuracy": 0.9820143884892086,
    "precision": 0.16279069767441862,
    "recall": 0.19444444444444445,
    "sensitivity": 0.19444444444444445,
    "f1": 0.17721518987341772,
    "specificity": 0.98993851313583,
    "positive_samples": 36,
    "negative_samples": 3578,
    "predicted_positive": 43
  },
  "No_Finding": {
    "auc": 0.7616393232708657,
    "ap": 0.785370788158064,
    "optimal_threshold": 0.28369140625,
    "accuracy": 0.6555063641394576,
    "precision": 0.6167522718293165,
    "recall": 0.8502178649237473,
    "sensitivity": 0.8502178649237473,
    "f1": 0.7149072589878636,
    "specificity": 0.4544431946006749,
    "positive_samples": 1836,
    "negative_samples": 1778,
    "predicted_positive": 2531
  },
  "Skin_Retraction": {
    "auc": 0.9603634850166481,
    "ap": 0.1417375876964155,
    "optimal_threshold": 0.07366943359375,
    "accuracy": 0.9955727725511898,
    "precision": 0.2857142857142857,
    "recall": 0.4,
    "sensitivity": 0.4,
    "f1": 0.3333333333333333,
    "specificity": 0.9972253052164262,
    "positive_samples": 10,
    "negative_samples": 3604,
    "predicted_positive": 14
  },
  "Skin_Thickening": {
    "auc": 0.7670091348853281,
    "ap": 0.062372515883293296,
    "optimal_threshold": 0.044586181640625,
    "accuracy": 0.9477033757609297,
    "precision": 0.10404624277456648,
    "recall": 0.34615384615384615,
    "sensitivity": 0.34615384615384615,
    "f1": 0.16,
    "specificity": 0.9564851207186974,
    "positive_samples": 52,
    "negative_samples": 3562,
    "predicted_positive": 173
  },
  "Suspicious_Calcification": {
    "auc": 0.7660557156360677,
    "ap": 0.4623832039478913,
    "optimal_threshold": 0.219970703125,
    "accuracy": 0.8442169341449917,
    "precision": 0.44042553191489364,
    "recall": 0.40828402366863903,
    "sensitivity": 0.40828402366863903,
    "f1": 0.42374616171954965,
    "specificity": 0.9153524299967815,
    "positive_samples": 507,
    "negative_samples": 3107,
    "predicted_positive": 470
  },
  "Suspicious_Lymph_Node": {
    "auc": 0.8150336793968608,
    "ap": 0.037762525565672736,
    "optimal_threshold": 0.0872802734375,
    "accuracy": 0.9886552296624239,
    "precision": 0.07407407407407407,
    "recall": 0.1111111111111111,
    "sensitivity": 0.1111111111111111,
    "f1": 0.08888888888888889,
    "specificity": 0.993047830923248,
    "positive_samples": 18,
    "negative_samples": 3596,
    "predicted_positive": 27
  },
  "overall": {
    "mean_auc": 0.7618567594032197,
    "mean_ap": 0.21158766209309832,
    "mean_f1": 0.2771843882564214,
    "mean_accuracy": 0.850933239422448,
    "classes_evaluated": 11,
    "total_samples": 3614
  }
}