{
  "Architectural_Distortion": {
    "auc": 0.663657662801254,
    "ap": 0.05812661363884106,
    "optimal_threshold": 0.07989501953125,
    "accuracy": 0.9059214167127836,
    "precision": 0.08960573476702509,
    "recall": 0.22522522522522523,
    "sensitivity": 0.22522522522522523,
    "f1": 0.1282051282051282,
    "specificity": 0.9274907222380816,
    "positive_samples": 111,
    "negative_samples": 3503,
    "predicted_positive": 279
  },
  "Asymmetry": {
    "auc": 0.7001872451458875,
    "ap": 0.08590886945472048,
    "optimal_threshold": 0.0413818359375,
    "accuracy": 0.8998339789706696,
    "precision": 0.0981012658227848,
    "recall": 0.28703703703703703,
    "sensitivity": 0.28703703703703703,
    "f1": 0.14622641509433962,
    "specificity": 0.9187107815173987,
    "positive_samples": 108,
    "negative_samples": 3506,
    "predicted_positive": 316
  },
  "Focal_Asymmetry": {
    "auc": 0.6367965978092471,
    "ap": 0.12201703422330035,
    "optimal_threshold": 0.1351318359375,
    "accuracy": 0.6870503597122302,
    "precision": 0.12255772646536411,
    "recall": 0.49110320284697506,
    "sensitivity": 0.49110320284697506,
    "f1": 0.19616204690831557,
    "specificity": 0.7035703570357036,
    "positive_samples": 281,
    "negative_samples": 3333,
    "predicted_positive": 1126
  },
  "Global_Asymmetry": {
    "auc": 0.853982205329763,
    "ap": 0.08101837022351314,
    "optimal_threshold": 0.0394287109375,
    "accuracy": 0.9618151632540122,
    "precision": 0.13559322033898305,
    "recall": 0.3076923076923077,
    "sensitivity": 0.3076923076923077,
    "f1": 0.18823529411764706,
    "specificity": 0.9713644020213363,
    "positive_samples": 52,
    "negative_samples": 3562,
    "predicted_positive": 118
  },
  "Mass": {
    "auc": 0.6660720096694714,
    "ap": 0.3832043294170532,
    "optimal_threshold": 0.2122802734375,
    "accuracy": 0.4916989485334809,
    "precision": 0.3370102700646634,
    "recall": 0.9040816326530612,
    "sensitivity": 0.9040816326530612,
    "f1": 0.4909947353837628,
    "specificity": 0.33826879271070615,
    "positive_samples": 980,
    "negative_samples": 2634,
    "predicted_positive": 2629
  },
  "Nipple_Retraction": {
    "auc": 0.7896869759642258,
    "ap": 0.10769522804001243,
    "optimal_threshold": 0.080078125,
    "accuracy": 0.9820143884892086,
    "precision": 0.16279069767441862,
    "recall": 0.19444444444444445,
    "sensitivity": 0.19444444444444445,
    "f1": 0.17721518987341772,
    "specificity": 0.98993851313583,
    "positive_samples": 36,
    "negative_samples": 3578,
    "predicted_positive": 43
  },
  "No_Finding": {
    "auc": 0.7616347282570071,
    "ap": 0.7853639007595573,
    "optimal_threshold": 0.284912109375,
    "accuracy": 0.6563364692861096,
    "precision": 0.6179507545671168,
    "recall": 0.8474945533769063,
    "sensitivity": 0.8474945533769063,
    "f1": 0.714745062011943,
    "specificity": 0.45894263217097864,
    "positive_samples": 1836,
    "negative_samples": 1778,
    "predicted_positive": 2518
  },
  "Skin_Retraction": {
    "auc": 0.9603357380688125,
    "ap": 0.1417170780312358,
    "optimal_threshold": 0.07366943359375,
    "accuracy": 0.9955727725511898,
    "precision": 0.2857142857142857,
    "recall": 0.4,
    "sensitivity": 0.4,
    "f1": 0.3333333333333333,
    "specificity": 0.9972253052164262,
    "positive_samples": 10,
    "negative_samples": 3604,
    "predicted_positive": 14
  },
  "Skin_Thickening": {
    "auc": 0.7670145337537253,
    "ap": 0.06235936325826166,
    "optimal_threshold": 0.044525146484375,
    "accuracy": 0.9477033757609297,
    "precision": 0.10404624277456648,
    "recall": 0.34615384615384615,
    "sensitivity": 0.34615384615384615,
    "f1": 0.16,
    "specificity": 0.9564851207186974,
    "positive_samples": 52,
    "negative_samples": 3562,
    "predicted_positive": 173
  },
  "Suspicious_Calcification": {
    "auc": 0.7660477803826569,
    "ap": 0.4623628102413247,
    "optimal_threshold": 0.219970703125,
    "accuracy": 0.8442169341449917,
    "precision": 0.44042553191489364,
    "recall": 0.40828402366863903,
    "sensitivity": 0.40828402366863903,
    "f1": 0.42374616171954965,
    "specificity": 0.9153524299967815,
    "positive_samples": 507,
    "negative_samples": 3107,
    "predicted_positive": 470
  },
  "Suspicious_Lymph_Node": {
    "auc": 0.8150491286614756,
    "ap": 0.037759730952150794,
    "optimal_threshold": 0.0872802734375,
    "accuracy": 0.9886552296624239,
    "precision": 0.07407407407407407,
    "recall": 0.1111111111111111,
    "sensitivity": 0.1111111111111111,
    "f1": 0.08888888888888889,
    "specificity": 0.993047830923248,
    "positive_samples": 18,
    "negative_samples": 3596,
    "predicted_positive": 27
  },
  "overall": {
    "mean_auc": 0.7618604187130479,
    "mean_ap": 0.21159393893090642,
    "mean_f1": 0.27706838686693874,
    "mean_accuracy": 0.8509835488252754,
    "classes_evaluated": 11,
    "total_samples": 3614
  }
}